radius,K,L
0.8609858471471147,2.360484235399635,0.0058275516352818135
1.7219716942942294,9.531922800819528,0.019896630764109746
2.582957541441344,22.49055610519777,0.09266693782618951
3.4439433885884587,41.68026701415826,0.19847902642420978
4.304929235735574,68.22866798715641,0.35531319802936956
5.165915082882688,101.27803766843914,0.5119190678440244
6.026900930029803,144.36299769766944,0.7519020149078948
6.887886777176917,195.93120982729334,1.0093811744616836
7.748872624324032,255.77015097601557,1.2741073516255144
8.609858471471147,326.56730840426303,1.585709328779501
9.470844318618262,407.611144193361,1.9197946852055985
10.331830165765377,496.1857846304335,2.235621470573955
11.192816012912491,594.9870138931417,2.5690969599688387
12.053801860059606,718.3087604130006,3.0672027286534735
12.91478770720672,861.7106989894431,3.646946336023305
13.775773554353835,1017.6910366302432,4.222590761328762
14.63675940150095,1184.3858811855257,4.779773116893093
15.497745248648064,1380.6707834214164,5.46606070180273
16.35873109579518,1599.2581674584576,6.2036199621553045
17.219716942942295,1818.9412628689454,6.8424314723346455
18.080702790089408,2116.2405928987796,7.873493446032569
18.941688637236524,2425.075654612667,8.841859653196789
19.802674484383637,2775.1611200320067,9.918718825134494
20.663660331530753,3123.2828456364696,10.866829786993101
21.524646178677866,3607.9182814282312,12.363936817986922
22.385632025824982,4181.677133037404,14.098188666017258
23.246617872972095,4744.684500537512,15.615702996272077
24.10760372011921,5430.059309357541,17.466926472449796
24.968589567266324,6252.05339044053,19.641839741653218
